<?xml version="1.0" encoding="UTF-8" standalone="yes"?>
<beans xsi:schemaLocation="http://www.springframework.org/schema/beans http://www.springframework.org/schema/beans/spring-beans-3.0.xsd" xmlns="http://www.springframework.org/schema/beans" xmlns:xsi="http://www.w3.org/2001/XMLSchema-instance">
    <bean scope="singleton" parent="typeManagerBase" class="com.wavemaker.runtime.service.TypeManager" id="typeManager">
        <property name="types">
            <map merge="true">
                <entry key="EnterpriseServiceImplService">
                    <list>
                        <value>com.company.it.enterpriseserviceimplservice.CheckByID</value>
                        <value>com.company.it.enterpriseserviceimplservice.CheckByEmail</value>
                        <value>com.company.it.enterpriseserviceimplservice.CheckByIDResponse</value>
                        <value>com.company.it.enterpriseserviceimplservice.CheckByEmailResponse</value>
                    </list>
                </entry>
                <entry key="Java_Svc">
                    <list/>
                </entry>
                <entry key="bookdb">
                    <list>
                        <value>com.bookdb.data.Book</value>
                        <value>com.bookdb.data.Download</value>
                        <value>com.bookdb.data.Language</value>
                    </list>
                </entry>
                <entry key="ip2location">
                    <list/>
                </entry>
                <entry key="runtimeService">
                    <list>
                        <value>com.wavemaker.runtime.service.PagingOptions</value>
                        <value>com.wavemaker.runtime.service.PropertyOptions</value>
                    </list>
                </entry>
            </map>
        </property>
    </bean>
</beans>
