<!DOCTYPE hibernate-mapping PUBLIC "-//Hibernate/Hibernate Mapping DTD 3.0//EN" "http://hibernate.sourceforge.net/hibernate-mapping-3.0.dtd">
<hibernate-mapping>
    <class name="com.bookdb.data.Language" table="language" dynamic-insert="false" dynamic-update="false">
        <id name="id" type="integer">
            <column name="id"/>
            <generator class="identity"/>
        </id>
        <property name="language" type="string">
            <column name="language" not-null="true"/>
        </property>
        <property name="abbreviation" type="string">
            <column name="abbreviation"/>
        </property>
        <property name="numbooks" type="integer">
            <column name="numbooks"/>
        </property>
        <property name="numdownloads" type="integer">
            <column name="numdownloads"/>
        </property>
        <set name="books" inverse="true">
            <key>
                <column name="languageid" not-null="true"/>
            </key>
            <one-to-many class="com.bookdb.data.Book"/>
        </set>
    </class>
</hibernate-mapping>